word,a1_word,a1_guid,a2_word,a2_guid
abfliegen,abfliegen,vp<}8ob4yO,abfliegen,DvTW@B#<OT
an sein,an sein,z]e=Icr@.^,an sein,J`gx()_fz*
anschluss,der Anschluss,m].dWM}h#,Anschluss,jz3/SPOwZe
antwort,"die Antwort, -en",gZx6$`:OC:,Antwort,"u;,.7S]IG>"
antworten,antworten,vr)9^IZ<=`,antworten,JX(syjo6rr
anzeige,"die Anzeige, -n",n:7|8fHH8H,Anzeige,"Y&dFqt=T,"
anziehen,(sich) anziehen,H`jDfsk+i,anziehen,"C39sM,Fr_N"
apfel,"der Apfel, -Ä",B?SXR)^0?r,Apfel,b*Z2-C6[LV
arbeit,"die Arbeit, -en",r`]pVELDp3,Arbeit,i~F2bO&PKf
arbeiten,arbeiten,Hj@kXLK@_8,arbeiten,E<&3F7SAJv
arbeitslos,arbeitslos,h-?bl;)Bxs,arbeitslos,"BQ:K;Ns,[Y"
arm,"der Arm, -e",Q*JE9HbNeA,Arm,eEfDkORQ`~
auch,auch,"B_9&,ho6C&",auch,w!oXMhj^;F
auf,auf,"M@,QhW`?mP",auf,I|po~N<H6=
auf sein,auf sein,wN^Q!g+g~S,auf sein,K8PEJ(NsKR
aufhören,aufhören,D_1>^D3E2e,aufhören,"D-eQ#N,J@k"
aufstehen,aufstehen,hC@6o5FEP9,aufstehen,&!fnneC?i
aufzug,"der Aufzug, -ü, e",m6$lR_l#uV,Aufzug,jfNnh&5>Ya
auge,"das Auge, -n",d^I07D/EQR,Auge,sZ9{bc0T{m
aus,aus,"Iw,~hDHzCC",aus,Em-QD=`Yb<
aus sein,aus sein,Dtg_({RPg&,aus sein,gsN^Occ_D_
ausflug,der Ausflug,No3E-oqST/,Ausflug,t0stY)ug-M
ausfüllen,aus|füllen,E335;LYpl_,ausfüllen,u_C0jN8(c(
ausgang,der Ausgang,OVbiZ%znZU,Ausgang,l~L*!t<X$M
auskunft,"die Auskunft, -ü, e",J@%_uKprAj,Auskunft,Qz(K4}CDz(
ausland,das Ausland,x0EvWgjG{),Ausland,m-u$5_S?ru
ausmachen,ausmachen,y|6!Nu50%w,ausmachen,x8+JFiG4w%
aussehen,aussehen,f<y8b#;wN+,aussehen,teggA;_0[d
aussteigen,aussteigen,buER;pU>ZZ,aussteigen,"f,:mb|:;;>"
ausweis,der Ausweis,"A5}V3^J`,^",Ausweis,K_VV`w+tDi
ausziehen,ausziehen,b&kT^h{xGt,ausziehen,k7)p3>w=&w
auto,"das Auto, -s",Agi]2]tMnj,Auto,p=|!-cPhEm
autobahn,"die Autobahn, -en",ka5XUU_DGc,Autobahn,jZg%x!LvPB
automat,der Automat,CDQb;M#S6q,Automat,L!uy-NKuJG
automatisch,automatisch,"qJIOiS*<,t",automatisch,oWqZ=sU>W.
baby,"das Baby, -s",P>s*qw+B1],Baby,l$CYO$C|ro
bad,das Bad,H1%#_xgLMM,Bad,X.*Zeigk-
baden,baden,Q}/PlP]>L=,baden,z3LK3l{S?b
bahn,die Bahn,jFi(nsf&!c,Bahn,;*+4G-+N(
bahnhof,der Bahnhof,FZh^W=%ELt,Bahnhof,eFv-Q;/@nm
bahnsteig,der Bahnsteig,rf67TZxY6`,Bahnsteig,s^~};vx3an
bald,bald,Fyig]EO~Ql,bald,n5`NDnf$Qu
balkon,der Balkon,fi;5fF(Uy8,Balkon,Gi#kRS!|M4
banane,"die Banane, -n",khnN/uI0w},Banane,k2C}I?+(9|
bank,die Bank,d7JRl(k-nw,Bank (Sitzgelegenheit),NJ)`h2o2yv
bar,bar,lYQp1[sV&g,bar,ucfN*.zFfI
bauch,der Bauch,Ds+)pSwNC$,Bauch,y<==7szRNh
baum,"der Baum, -ä, e",m>dj<ALsT,Baum,"x|vx,-}/.c"
bedeuten,bedeuten,bsq3pUj-=(,bedeuten,u?SifP9_PJ
beginnen,beginnen,f$2KWoyrG@,beginnen,OEt}j>_V9+
bei,bei,vlzJ9_Z:(c,bei,iTG{4MrXQ(
beide,beide,icSsc]{<zg,beide,N=f_KG&jwn
bekannt,bekannt,FF[$u;]>n(,bekannt,DOH~I^&U.;
bekommen,bekommen,z;:bIaCK#9,bekommen,L2E4J#6FCo
benutzen,benutzen,DL:n:r^r*e,benutzen,i=7$AXhGM(
beruf,"der Beruf, -e",F:_vWDl3|],Beruf,J^hWUNy1Z[
besetzt,besetzt,k+EYdJ4p_(,besetzt,tw[EKD^YG(
besichtigen,besichtigen,Lmv-+c&k^7,besichtigen,xho^h+j=>i
bestellen,bestellen,o%8B@Lu~RB,bestellen,qf|NF9*6t4
besuchen,besuchen,Oq+lrl(clV,besuchen,k5SIr>p*.+
bett,"das Bett, -en",H+V6pEb:pv,Bett,Ppy_/#uVw(
bezahlen,bezahlen,GI=v@z`1.l,bezahlen,KNIJa1g45|
bier,das Bier,sRnH2vOd2%,Bier,Y7;iHv-[&
bild,"das Bild, -er",bsTTHT1Aaw,Bild,K*Yy0!%e-9
billig,billig,KZ]ItLvZSF,billig,"CQ)d6x=,CM"
birne,"die Birne, -n",w{NiKAlm[H,Birne,NPuqmD=jPi
bis,bis,ncL`sWuA`Q,bis,Ov8O+)nJw<
bisschen,bisschen,i#^k?KXy2|,bisschen,qAPbIsNez/
bitte,"die Bitte, -n",L{>o]F:}3F,Bitte,iH&9S^{&sP
bitten,bitten,sogTl_jv7q,bitten,"kaX?,Shh{f"
bitter,bitter,kj8gMlU7g$,bitter,t+wY]@C.=1
bleiben,bleiben,EKR+LH`lLf,bleiben,o.0M~X97GM
bleistift,"der Bleistift, -e",QFS^|X!!-K,Bleistift,h/+NF~?$B`
blume,"die Blume, -n",Qrjb}@hhQ%,Blume,s|cXujlgG!
brauchen,brauchen,g49@;b#MqX,brauchen,dHMF|m0DPx
brief,"der Brief, -e",B2j*<TIy:d,Brief,hi&:e78_6{
briefmarke,"die Briefmarke, -n",M9fRN}S%`C,Briefmarke,c-jTrR_N~|
bringen,bringen,MF=mgFhD7?,bringen,Rgx^:M.xi+
brot,"das Brot, -e",hD30}IJb4~,Brot,PP3~0C-#H
brötchen,"das Brötchen, –",NTTw#_8mG3,Brötchen,zt{v[mVQhT
buch,"das Buch, -ü, er",kp3#^pi6]},Buch,"uk$-56L,Q>"
buchstabe,"der Buchstabe, -n",qRu]bZznNx,Buchstabe,E*erT=Xxj
buchstabieren,buchstabieren,n(9Qvo^G},buchstabieren,GZ1/CU)GCQ
bus,"der Bus, -se",Q/5Apfo{WT,Bus,"s+P,Pdv&_4"
butter,die Butter,hBb?D}l!33,Butter,eN_qIh(ZL)
bäckerei,die Bäckerei,brS>[6L`-K,Bäckerei,uJVUwSw4JE
böse,böse,EDqE/_&VM_,böse,w@MXeO!Gc8
café,"das Café, -s",I||(yxk8IN,Café,b-%<&biE$^
chef,der Chef,LQ`i<x#T$N,Chef,C]}?];<2G?
computer,"der Computer, –",CPya|wo)4I,Computer,k.c{(Gg#X[
da,da,f<BfuKXh)&,da,df@OFUi4mN
dame,"die Dame, -n","cg,=j_7sPA",Dame,y1mq*W%Xt>
daneben,daneben,"svEA@,O_B$",daneben,y@CC!+|T}a
dank,der Dank,"x`;m,Dv,[)",Dank,jfZDlc};VY
danke,danke,f/.T_T|Xf{,danke,bWc)36<V*/
danken,danken,KUAZP#/s0D,danken,"n.m?R2c,<%"
dann,dann,IH.p9C&80Z,dann,oGxcxbe=wo
datum,das Datum,GG^o>krIp_,Datum,n*Am6nRAwa
dauern,dauern,m?k+*J^:_I,dauern,"vHu4,LP{>a"
denn,denn,K=3(N]_Uxl,denn,Il^/Kekho~
disco,die Disco,Kpjvq<1U?s,Disco,gNM}K=!jp@
doppelzimmer,das Doppelzimmer,fH.<V#bPjq,Doppelzimmer,OfV]lRB_u~
dorf,"das Dorf, -ö, er",Pv+5+-Fd|Z,Dorf,HZ`3<_w{rP
dort,dort,oV<#hp<E^>,dort,BlkI6`Bw#=
dorther,dorther,x]6u4lH*i&,dorther,j{M0L21[iB
dorthin,dorthin,yrfJ17`z?,dorthin,",H;r/dY$E"
draußen,draußen,AcoKTW)VL[,draußen,N8UwRBQwjo
drucken,drucken,"KqOx,~b1xq",drucken,F:aA9lIn!A
drucker,"der Drucker, –",L[hm`{?9M1,Drucker,eJM15yKZ`1
drücken,drücken,p)!a19}LkF,drücken,k1)AY$wFkl
durch,durch,"ty6),8[Mgl",durch,A|~St(X>EZ
durst,der Durst,E}`/oFGMTl,Durst,oY([DCOd|2
dusche,die Dusche,"kC=bEdh,ni",Dusche,i4.6:!C[;w
dürfen,dürfen,Ia+d&Z+Gl2,dürfen,Et6(Xl=*L-
e-mail,"die E-Mail, -s",q/~7T+mk2v,E-Mail,o0XQ&G>.*(
ecke,"die Ecke, -n",Ew>L@v#oaA,Ecke,"Du,..OJgRx"
ehefrau,"die Ehefrau, -en/",gf5oi9ot?*,Ehefrau,C1n>3f6F5n
ehemann,"der Ehemann, ä, er",i0dz^3_fLg,Ehemann,rOL/r7:26$
ei,"das Ei, -er",C8EQL4(0VT,Ei,OF)ovZSad!
eilig,eilig,j13a!Nk;Vi,eilig,iC)Uw8XFw-
einfach,einfach,f<-7J@&8${,einfach,r_H*OcV)iU
eingang,der Eingang,A$(4B3<{Pn,Eingang,DuW6FQ)A6q
einkaufen,einkaufen,kwX<V&<00A,einkaufen,hq%4{ZAUXF
einladen,einladen,hP2i|4W~H2,einladen,EV7&WD/*qI
einladung,die Einladung,FqZ}o;`)jm,Einladung,o(fR6A#`Jn
einmal,einmal,D>(`YARERC,einmal,A]Rzk]SVE^
einsteigen,ein|steigen,J;ju0/Z[HZ,einsteigen,KlJG(3wYH-
eintritt,der Eintritt,KaCOIXM?j.,Eintritt,PO@]m<<w:y
einzelzimmer,das Einzelzimmer,si1Sd`PyEm,Einzelzimmer,e(/O.gm~}g
empfehlen,empfehlen,Cs0Y<;Fvtn,empfehlen,"FtPp9.,]y/"
empfänger,"der Empfänger, –",mEq<trMT8J,Empfänger,jY~]1wm=-G
ende,das Ende,o:p.2m$fMv,Ende,yo%BliH}i/
enden,enden,Kjrq&0ZkgZ,enden,kmX/tMzz2v
entschuldigung,die Entschuldigung,bH?@${E+DP,Entschuldigung,oqx1@-TCB9
erklären,erklären,ot~%OD.8K%,erklären,l.j>38ReGQ
erlauben,erlauben,D)MJ+J}8`.,erlauben,kXNS4Z9#?K
erwachsene,"der Erwachsene, -n",c#D6s)jm.-,Erwachsene,eZ]4oCZq%M
erzählen,erzählen,"vo5m_p&,_,",erzählen,e8/5cw(iTn
essen,das Essen,ejB9Tb;*@6,Essen,"v9U~`c,PQf"
fahren,fahren,DO.@U:;Fk@,fahren,Oj+<J(;:_q
fahrkarte,"die Fahrkarte, -n",PK^Nx}`/pr,Fahrkarte,Np[2M#[q9h
fahrrad,"das Fahrrad, -ä, er",QbrIZlc!t;,Fahrrad,rWb$si^uBZ
falsch,falsch,m~$ZdxK73d,falsch,vh@qSFr0P_
familie,"die Familie, -n","uFv,Z^E6it",Familie,"da>*R&!,J-"
familienname,der Familienname,P-75c^WLXp,Familienname,s%X1?G<rGZ
farbe,"die Farbe, -n",eR&tA0-@<?,Farbe,J}8)AcGC<$
fehlen,fehlen,"xG,(6M@xEn",fehlen,A)k-).HYc`
fehler,"der Fehler, –",IsEme?6M{?,Fehler,t1J/7<[?B2
feierabend,der Feierabend,g)ba6olw&&,Feierabend,x~raW71`sU
feiern,feiern,Lt<-4VF}T:,feiern,lSJ/3OB.lA
feiertag,der Feiertag,jN9Qj0[d=R,Feiertag,F<;Mj~}-42
fernsehen,fernsehen,l{.`cf;:Ks,fernsehen,vxQh[u1%7g
fieber,das Fieber,BbQ/DTh?=Q,Fieber,"vCJNC/q,YS"
film,"der Film, -e",Az<Nw1RNDc,Film,K_8l([J$x9
finden,finden,m45Nn+FX:B,finden,e>09QF`baP
firma,die Firma,H+{k{p.u`p,Firma,f@X^u7<35S
fisch,"der Fisch, -e",K&kbz%a7I&,Fisch,c3=l|ucDCp
flasche,"die Flasche, -n",vs$g*B^uEI,Flasche,I{:z/rYL2~
fleisch,das Fleisch,nn!}A9xO]i,Fleisch,NNbS5K>cBb
fliegen,fliegen,u6;)@5]UW=,fliegen,"tUM_AL,y=F"
flughafen,der Flughafen,PR+h:c5:6F,Flughafen,"Q%YO[,b=/u"
flugzeug,das Flugzeug,Ogt`(|y8&),Flugzeug,zpu0e9t?>$
formular,"das Formular, -e",xa`I/qH6V_,Formular,H^Q@RzP_~}
foto,"das Foto, -s",Jxm2(VrAci,Foto,eSQjOU{R|J
frage,"die Frage, -n",sFhJ.i&>nn,Frage,~:GA<uUD}
fragen,fragen,E)hIx05bN_,fragen,A4R=./r0#.
frau,die Frau,pO^U&gfq@},Frau,zS_oeCYcG6
frei,frei,ke}Gl37?Em,frei,O0qg$@i+8H
freizeit,die Freizeit,n31zlo;p]2,Freizeit,v%y-1ruiC*
fremd,fremd,uRt5T6H-wW,fremd,md<_ml7yW#
freund,"der Freund, -e",ec`Dv6S$ll,Freund,y*#XDDT-^L
freundin,die Freundin,MS|;ar`2!o,Freundin,l_miCdi7xK
früher,früher,yjDX8D(+pU,früher,B{-s@x/`hW
frühstück,das Frühstück,ee^UJ:wuIm,Frühstück,f3ZNUYI5Y$
frühstücken,frühstücken,wdnFI$rU29,frühstücken,BUP{$;&;-7
fuß,"der Fuß, -ü, e",rD1J<LVG^H,Fuß,Op7H7l86Ha
fußball,der Fußball,nYNZ6XvV`w,Fußball,"iLo1qTRu#,"
führung,die Führung,bYDcd/z#cr,Führung,l~O0-)81~-
für,für,xY&%c7E+(n,für,h(&a3[Uk3(
garten,der Garten,lgQ<^DL)Jn,Garten,H/]J8xV8Ba
gast,"der Gast, -ä, e",M/F!lJVF0S,Gast,L9)3(o<*&L
geben,geben,u[-@/ciaH#,geben,er;yyv%!CX
geboren,geboren,Hgsejy1@Q4,geboren,JZLi[gcnZm
geburtsjahr,das Geburtsjahr,eZ8q]aL|aG,Geburtsjahr,]1s-ON[^y
geburtsort,der Geburtsort,MPO9t^5?$+,Geburtsort,CXaSN9PJ&F
geburtstag,der Geburtstag,bcqkL(9-{$,Geburtstag,Gk2p=@eS*d
gefallen,gefallen,OMS=2qChU:,gefallen,na7!9k53RL
gegen,gegen,wF+0Un3b@[,gegen,psach!aVmq
gehen,gehen,roU=:CR!{z,gehen,PN#$pBEkUc
gehören,gehören,xAl@9An]A?,gehören,xuS)F/{^ZN
geld,das Geld,bv2M$a$s;m,Geld,EzyNVfU0v?
gemüse,das Gemüse,qc!P+y)HmT,Gemüse,NAxiu*oQW!
gepäck,das Gepäck,oy3$P4gv`#,Gepäck,WK)^-X4Wf
gerade,gerade,d)m%/).6ki,gerade,c@[2-^KYo.
geradeaus,geradeaus,j>x}yfHWYv,geradeaus,KlkSI|D[m5
gern,gern(e),eJo[))a093,gern,Kx6e1y*>dI
geschenk,"das Geschenk, -e",drjyJQ={=M,Geschenk,ix{.VX)&dK
geschäft,"das Geschäft, -e",G%/??p4Q=w,Geschäft,A2^.liM)1M
gespräch,"das Gespräch, -e",GTV{8)>zw),Gespräch,Nx.e&2:P}_
gestern,gestern,kDI56D-#;B,gestern,pG+LPK(VdB
getränk,"das Getränk, -e",m6y~|$DuS@,Getränk,rxWZz^bRBW
gewinnen,gewinnen,qqn;Wm-(i(,gewinnen,gMwV#m`|W<
glas,"das Glas, -ä, er",zQaH!r$C7[,Glas,mN1DN~j{*K
glauben,glauben,NiM%`&89@l,glauben,d/X2!t3NX9
gleich,gleich,"mW%W7|,c_X",gleich,rNm;=g@kV$
gleis,"das Gleis, -e",Jo.D3a0d*e,Gleis,O4j`ogc92J
glück,das Glück,r(#9Sy|^V.,Glück,Cp1C#tEQh>
glücklich,glücklich,.Z52_-9Ia,glücklich,g:*O:>RpY5
glückwunsch,der Glückwunsch,w.6QeYA*2R,Glückwunsch,zXSS&>Tj}(
gratulieren,gratulieren,Fv!Z#-7{T&,gratulieren,ga!~dD*1HS
grillen,grillen,sPDuV`)r~Q,grillen,rc%pKx=PVK
groß,groß,m]g:pPlh-3,groß,f_M8^/dNP$
gruppe,"die Gruppe, -n",fjGp3<2_@6,Gruppe,up9</%mc(`
gruß,"der Gruß, -ü, e",qR}`KcaOSH,Gruß,cKc_gf+1C6
größe,die Größe,e2@;y{yJ2!,Größe,"cr$,,6!g1h"
gut,gut,"cs!Y*,B`22",gut,n8^I32JYc3
günstig,günstig,vI}F]IKI46,günstig,AoG~xzC+OR
haar,"das Haar, -e",II}X6N>Ew~,Haar,BODKj*-!JZ
haben,haben,Eq#c=R{4pu,haben,gRyhQPloh`
halle,die Halle,G`+gtxX4?m,Halle,Fa%+R;x2C(
hallo,hallo,u/4WOsTUlt,hallo,uhk]%^+:;x
halten,halten,GgQq9bcNjy,halten,b[g&LiCP@U
haltestelle,die Haltestelle,thTgttBCU0,Haltestelle,fia*8%c68Z
hand,"die Hand, -ä, e",+|{{X(BxQ,Hand,"NF,gR()hhb"
handy,"das Handy, -s","G,F?uVNAK]",Handy,f?u}rR*8-2
haus,"das Haus, -ä, er",Lj+>}W-MeW,Haus,Kk0/`0k`tc
heimat,die Heimat,Ev?&_DZ%jD,Heimat,"Fo1(cr(,#Z"
heiraten,heiraten,"qGT3h=/,&|",heiraten,o|!tA$L3~=
heißen,heißen,d&v?<4Sr&~,heißen,"lQ:|3Md,$?"
helfen,helfen,Cs:-y/tl3n,helfen,C&L(<RWdRh
hell,hell,DBC&^>5IWI,hell,q5=}Z^fOa;
herd,der Herd,fY$x{`HOz2,Herd,K[ftmw}#cx
herr,"der Herr, -en",KE|:/y(;t4,Herr,gM4[ZoMTt<
herzlich,herzlich,k5kN+g*>@5,herzlich,h2qZgeJ0tu
heute,heute,i%g]>#G}Kh,heute,Cx$Pv:3|O2
hier,hier,"u$mzI2iUe,",hier,qn+7?Or!Mv
hilfe,die Hilfe,o4YL$s9Y_],Hilfe,ER>cUSE`_C
hinten,hinten,K(.QFrRKc^,hinten,uz4Xkc*3Th
hobby,"das Hobby, -s",z${go`Nw?v,Hobby,tHqn]GK#%P
hoch,hoch,muPCt]f<IU,hoch,Ho0U}LIyGk
hochzeit,die Hochzeit,"K_&,Iw]+r]",Hochzeit,"I&#`,G7Wcb"
holen,holen,j8&11dgf%z,holen,s)5o];]/(x
hotel,"das Hotel, -s",K;kh[+g<gM,Hotel,b111i5A3|X
hund,"der Hund, -e",d@!XPg#*iA,Hund,iMO08<QC6V
hunger,der Hunger,i#_(KLj.|b,Hunger,N_`AcU^9z&
hähnchen,"das Hähnchen, -",nRE|1Vp?zE,Hähnchen,Mm^ra?{Z-!
hören,hören,"v5E,@.z}:Z",hören,htu/;4eA:Z
immer,immer,3(w]?k55t,immer,J{ty>Wn|/O
in,in,iXvR=DLFgR,in,Bq^Nqfu$Vi
information,"die Information, -en",MiB>8EDbR0,Information,rx=C:z@vQ.
international,international,ro+%~VR(KK,international,hI+V`_Dmbt
internet,das Internet,z}}7t+LvaQ,Internet,v7~4ko=<qW
ja,ja,P=P!!|0*y&,ja,"x<,*f@)R$`"
jacke,"die Jacke, -n",D~fgi!&1`M,Jacke,l(nd~)[NWa
jetzt,jetzt,O5*O5V!}A.,jetzt,"h-*$,xIhFn"
job,"der Job, -s",p4GWDjT9Eu,Job,i@^14|BEE_
jugendliche,"der Jugendliche, -n",O?$[((J8]5,Jugendliche (weiblich),tJ`cxh2d5*
jung,jung,CXlEONM6MW,jung,wa*[-S*&i@
junge,"der Junge, -n",w3~!LR4fdJ,Junge,o>8f@X7#iM
kaffee,der Kaffee,Fx6-J^lD#n,Kaffee,lI7[5!n1e|
kaputt,kaputt,pMu?2*zm8^,kaputt,O:!1o1[l5#
karte,"die Karte, -n",x^l/_*NvS],Karte,w3di>-gmpX
kartoffel,"die Kartoffel, -n",xgg%5u-1JA,Kartoffel,eqNA3^^d{;
kasse,die Kasse,IKE8)Tr}MZ,Kasse,sm{C`YCq@:
kaufen,kaufen,EH>&lM:8m^,kaufen,"F411bWj,Kd"
kein,kein,PyC<9pOv(L,kein,G6{|--Cj6n
kennen,kennen,"DIe),eBl0",kennen,PEP|&Jh<df
kennenlernen,kennenlernen,"FX,#+^>$R0",kennenlernen,{HMzhJFK
kind,"das Kind, -er",sG$ujFO%O.,Kind,cc2{y1Rz@i
kindergarten,der Kindergarten,JpXO&f+@r2,Kindergarten,L}Znzo6vb0
kino,"das Kino, -s",gwAe|D21_O,Kino,u4_jl;pW]N
kiosk,der Kiosk,K~WSbA1MK|,Kiosk,uc})5_$5z-
klar,klar,CFlLW7-<H6,klar,M@4xgYoADk
kleidung,die Kleidung,"o,ET5lx2<1",Kleidung,C=HPP/=C7$
klein,klein,M/ZT/W/lc%,klein,pIdx%l{#v1
kochen,kochen,Pa0^Ao]->k,kochen,Ln5gq+yQ={
koffer,"der Koffer, –",Ct`81c#U.[,Koffer,B_WvCe}?<o
kollege,"der Kollege, -n",dLGu~v!9S0,Kollege,QuoNgf(k9C
kommen,kommen,iiy`Z//-OJ,kommen,Rd$eJ:oYfU
konto,das Konto,ph<Qo8<j_,Konto,c]m+=|nn[q
kopf,der Kopf,O;O%TflAu/,Kopf,B1sUI_mpU7
kosten,kosten,O0DNHH42J^,kosten,lnZ7>%Og1A
krank,krank,lXBEMu&XMB,krank,qzTj-Fi5EU
kriegen,kriegen,vP[8T&*4CJ,kriegen,u:5~2Zt&Vd
kuchen,der Kuchen,h[M{>Ha_(T,Kuchen,o*9XGH_*93
kunde,"der Kunde, -n",r2z%fsGY9G,Kunde,#sg_J?ZXq
kurs,"der Kurs, -e",w&hj_pZ?jK,Kurs,i;|ngwnTbu
kurz,kurz,ucKNVsuFB&,kurz,Q*f*`wTtl`
können,können,AJ4|Gi8Fn?,können,"qA,<C8o[+?"
küche,die Küche,F7u6%*r#`f,Küche,s.I1%aTvrR
kühlschrank,der Kühlschrank,lzs_cra#r`,Kühlschrank,hW`+^-iFy5
lachen,lachen,hggMY26&ob,lachen,K1yo!<evlc
laden,"der Laden, -ä",bdK^SS}t_&,Laden,Ii(t^WD&=Q
land,"das Land, -ä, er","b6)z;,pvEz",Land,NBw|%MA6@i
lang,lang,AxDTv4$tvk,lang,FsOszFR</6
lange,lange,MI{A0Wr7rK,lange,u}#cmJD7PV
langsam,langsam,o61Y}aRJZY,langsam,K7N2A!dAB)
laufen,laufen,vyLRr&NzOU,laufen,F#h:&3-TXp
laut,laut,JJ]n{`p0ia,laut,v@Qn*HFbwZ
leben,das Leben,f?RwX)xxXm,Leben,zjjVP}#hZB
lebensmittel,die Lebensmittel (pl.),;T|w7=$=/,Lebensmittel,F8:$Rzze*[
legen,legen,"Qr56D;z~,^",legen,t?yaio;/Pk
leicht,leicht,t}F35k0rk|,leicht,k9]#gwj~(i
leider,leider,"J!,x:n-swt",leider,Qu7vOP!}2k
leise,leise,"oGM/p#h,5c",leise,x3$c]QJiYW
lernen,lernen,olb@aaFHS0,lernen,EchAMEjCea
lesen,lesen,B#t[a8QLw[,lesen,tKS_IO>![(
leute,die Leute (pl.),K{gX3Sl8&w,Leute,kX[e|h]|Tq
licht,das Licht,v=z*tYuH(r,Licht,q_7%/n8*nF
lieben,lieben,s8}rW+M]H@,lieben,^PdR4xW}-
lieber,lieber,GI3UK<ba.U,lieber,l.u^HP1Yxa
lied,"das Lied, -er",`Vc$B=6=x,Lied,t~-v6aocn!
liegen,liegen,"wCW{ke,q1S",liegen,s.aaJZZ!;+
links,links,ODiDYLD*yw,links,"nNZ,p=fotc"
lokal,das Lokal,bvx=2@`597,Lokal,sPD|W0rjBj
lustig,lustig,csgq$}}h/s,lustig,jc~Fl{lS+^
machen,machen,GA}J)Y`?TD,machen,A)A{g1cW]c
man,man,PPkq#t5]n$,man,v$:bFa-*tE
mann,"der Mann, -ä, er",pcoCvpZA]>,Mann,F|x9HUalQh
maschine,"die Maschine, -n",ia[!FCxeR_,Maschine,KzMzp>4I&A
meer,das Meer,N~((j:s%~=,Meer,"Oj11p_<Y,J"
mehr,mehr,r1#e>?wlxL,mehr,GC;MkuxRn3
mensch,"der Mensch, -en",EW}6<y)*Al,Mensch,A5i=<]z?$d
miete,die Miete,FYsp/{Ku+U,Miete,"H2Q%dsrb,Q"
mieten,mieten,o^zMGj6~4%,mieten,fGflKLUgo$
milch,die Milch,wH(WhVACUD,Milch,"CUje2tay,;"
mit,mit,u8UEY3$jSs,mit,N}D/HbpCV4
mitbringen,mitbringen,F2:P.meP*:,mitbringen,netaN;+R>D
mitkommen,mitkommen,ex-y94;u>`,mitkommen,r>!+O7*$KK
mitmachen,mitmachen,pF3&Aph-sp,mitmachen,fgEK:zcCwq
mitnehmen,mitnehmen,r?@tG7[v2c,mitnehmen,N7q{oBihA~
mitte,die Mitte,dZS3XpF!t-,Mitte,iwqLPEo!Nl
moment,der Moment,"I,U?MoaxR5",Moment,AT!p<1X[EJ
morgen,der Morgen,Q:#zJK-eMY,morgen,bQ]D}mR@/?
mund,der Mund,C3S?]>BnPA,Mund,r&=U5mxS*=
mädchen,"das Mädchen, –",iTe+fg<5I>,Mädchen,"y+,.9WeCtd"
männlich,männlich,i&vg6K?]jD,männlich,"u+,y4bAcNs"
möbel,die Möbel (pl.),"u,p6!%GLD*",Möbel,"G}6BF,IWiK"
möchten,möchten,Q8yJ)Ob:y],möchten,N@)!R?LcW7
mögen,mögen,g86~[MO{jN,mögen,zj{A;=3L&^
möglich,möglich,"KW,xP`F2EG",möglich,o-n}6(e4Y_
müde,müde,LcQypM1`.2,müde,LK!9c<#M:I
müssen,müssen,Kp~y=#~Ui[,müssen,MV<(5g-iD_
nach,nach,zW-kN%`@7r,nach,e`4:-=tYZ7
name,"der Name, -n",Hp/5Deq-!],Name,"x0,,)X>K,q"
nehmen,nehmen,ME{X[k}A)9,nehmen,H/-k51LmC8
nein,nein,C~w!U4IfbM,nein,j;.X0-OSoi
neu,neu,P*yW|O4H3x,neu,3BV1%^09K
nicht,nicht,jPK?=8)}Hl,nicht,wqrN`CNq!:
nichts,nichts,t(A;2}X@bG,nichts,"CMb,3+<PLk"
nie,nie,f>wU_NbIK`,nie,Hhj&[q8tqm
noch,noch,H;}MvZ%G7X,noch,"csuUc),/&v"
normal,normal,x/QRA_Ax;|,normal,ByLsSfYxCx
nummer,"die Nummer, -n",JyEG(R?ZZ6,Nummer,G!Kic<m^s1
nur,nur,wt&]%.RXSx,nur,"Qc7cn:5-.,"
oben,oben,HC6AjYqRAL,oben,JBAqeeZ{1k
obst,das Obst,qnhFR1(1^G,Obst,"v4*|_B,j{$"
oder,oder,D`S/g]KkX1,oder,xElr+s3rIY
oft,oft,"q&)4,xnA)J",oft,K]kep0E%o0
ohne,ohne,mKJ;4k:P_A,ohne,F>[i;Q!W9@
ordnung,die Ordnung,w..W7(*W?S,Ordnung,pgNiCUbAm/
ort,"der Ort, -e","LtJ9fe!,<]",Ort,DX+-l*]t04
papier,das Papier,uugd]VM-R-,Papier,N-vX4W|PN4
papiere,die Papiere (pl.),l~DwC[>@]4,Papiere,j5MygRzh|J
partner,"der Partner, -/",P]Yq6.|uw<,Partner,c3Szl.286A
partnerin,"die Partnerin, -nen",w1w:H[f83W,Partnerin,j/;%Xx$-KN
party,die Party,G`~Q[SyOKh,Party,v.`1*0<VJ5
pass,"der Pass, -ä, e",op7bO;ODR-,Pass,P+@-2fGy(}
pause,"die Pause, -n",Qwuu/MWVWj,Pause,C6Q=-:pZoB
plan,"der Plan, -ä, e",l=2Uaid/N7,Plan,c1rikGw5cs
platz,"der Platz, -ä, e",P3-1<:p5x{,Platz,"v,?I+>n-e="
polizei,die Polizei,d+^M)oVt#|,Polizei,GrdgAVkMb$
pommes frites,die Pommes frites (pl.),ERM$oAbcF9,Pommes frites,II$g&2(E*l
post,die Post,"bXAwl,=~4H",Post,HddR.E4:=V
postleitzahl,die Postleitzahl,EnCU8Ge#Ho,Postleitzahl,olu:^ifMnF
praktikum,das Praktikum,"G,Y+;gJWS|",Praktikum,"r,QS%lPL+r"
praxis,die Praxis,Ey{Ps_zg<-,Praxis,"G`[k}WY,Fh"
preis,"der Preis, -e",kw{.q7_;CH,Preis,CU%1P|G>f=
problem,"das Problem, -e",gm;._|yZ^L,Problem,chNK]z([[)
prospekt,"der Prospekt, -e","d_y,BZUXDO",Prospekt,Q`Y&wr0MZ2
prüfung,die Prüfung,Q&GfhtoC;o,Prüfung,P?;nPI`M&V
pünktlich,pünktlich,wD/!^{o1~&,pünktlich,v2Gjs}@m`!
rauchen,rauchen,mP<twHb}47,rauchen,A|qRm4_N#T
raum,"der Raum, -ä, e",MZ4B5AO/Z!,Raum,v~+NI^SY-g
rechnung,"die Rechnung, -en",r^m!IiH-I],Rechnung,vdo;[j1$UL
rechts,rechts,N:?xZ3=K*$,rechts,E?daR{;V^V
regen,der Regen,PX/[6jgMyO,Regen,k5<Iu7*B>%
regnen,regnen,G>kROyF^0$,regnen,sY_(641[BG
reis,der Reis,"P0h8,,SctI",Reis,cNO%<(``nl
reise,die Reise,p0@5*ca$*Y,Reise,r^s{;eSm&e
reisebüro,"das Reisebüro, -s",htB|V6/x#1,Reisebüro,gp1KYw;u$2
reiseführer,der Reiseführer,C>~+=-z%T+,Reiseführer,Aoa`f6p:Rl
reisen,reisen,t?*w3WEgn=,reisen,qdVYr`hPu
reparatur,die Reparatur,"h4I,CX?b5_",Reparatur,E3K-VO(E|p
reparieren,reparieren,FR_fq1kaRz,reparieren,ntK]U}|0sG
restaurant,"das Restaurant, -s",x<tNuR0|Fu,Restaurant,bt.ff!VBRT
rezeption,die Rezeption,B/Hoy/N&Nv,Rezeption,"sw^B,.X>8U"
richtig,richtig,F2]=?9>$0~,richtig,Lcou%xkvaJ
riechen,riechen,kaPlSSKxLI,riechen,Ih!CNZ)h)@
ruhig,ruhig,oNE`~4sORV,ruhig,qC>hNTp;(k
saft,der Saft,L4nF:LUYwX,Saft,tc2108#GM!
sagen,sagen,s0N5d9ABUt,sagen,O/e;V}}{pK
salat,der Salat,MxBNu80ls],Salat,q>tEKw:npB
salz,das Salz,O-J@+bK!-n,Salz,Ll-HsK>gHS
satz,"der Satz, -ä, e",A$B:G.Timp,Satz,JHglIdH59y
schalter,der Schalter,Odk5VZ3A16,Schalter,"kgsb&>,igz"
scheinen,scheinen,zJtAGF*>o[,scheinen,Ebl[:J?^qc
schicken,schicken,IovHKH$q.%,schicken,hEs5R;BS>-
schild,"das Schild, -er",rLH)wBr/[^,Schild,"o;uOCy%J=,"
schlafen,schlafen,"h,u1^iQaLC",schlafen,vSaF.ti.dn
schlecht,schlecht,lzo$#r=e5S,schlecht,f%dgG506qX
schließen,schließen,"BU>,oQeg>[",schließen,g:?1{G!sBl
schluss,der Schluss,G)4#IKM9uo,Schluss,I#|.j@fKc{
schlüssel,"der Schlüssel, –",v%?nePWQC8,Schlüssel,o`<KyJ9*o2
schmecken,schmecken,l]F9[<E~Wr,schmecken,Zt/1Sy}l]
schnell,schnell,zp?o/2cMr9,schnell,NrE|O|zVl$
schon,schon,hbblF`QGM@,schon,y2&4(8asyQ
schrank,"der Schrank, -ä, e",ry|Pv;Sz*},Schrank,e_gx#mpvad
schreiben,schreiben,"u{V,L?T`_;",schreiben,ov?A=RT*Rt
schuh,"der Schuh, -e",F16@IkQU+W,Schuh,j37>G[cKn3
schule,die Schule,izN++?2;X|,Schule,LGV~6%@;_s
schwer,schwer,d-ZfkEYIx5,schwer,v%q[oy?}b4
schwimmbad,das Schwimmbad,MR}3oJzHR-,Schwimmbad,cqoIx61vzp
schwimmen,schwimmen,EMD}lnm1`K,schwimmen,"E/D;i,Z/^H"
schön,schön,D[pA_V9@&_,schön,vt3k}WRP1M
schüler,"der Schüler, –",PQaymw*_8y,Schüler,AYd<=ft!N7
see,der See,e{n}Pz`0:_,See (Meer),O*=W4Tgr=K
sehen,sehen,miPkfSh5SH,sehen,Jy0ueL:]O_
sehenswürdigkeit,"die Sehenswürdigkeit, -en",EC5_Pf5|t>,Sehenswürdigkeit,q27S=e:D}z
sehr,sehr,j>8*}nGE}O,sehr,D]<s!lr=?-
sein,sein,BC&o(d?+Hs,sein,k15H@`6;4K
seit,seit,xDPP~E~es0,seit,A?FB8wJy>g
sich kümmern,sich kümmern,b%$HWt!&~T,sich kümmern,OS0a9/z$g@
sitzen,sitzen,gPT;Zjq{a^,sitzen,mVqi9Do+@3
so,so,DVHdV&k0b>,so,DLk`j0!p`6
sofa,das Sofa,"mU]Z&38,yR",Sofa,bQ}L7$-_jx
sofort,sofort,kqEnP%pLlh,sofort,uge;U&31U
sollen,sollen,Na.th%O>CZ,sollen,bhfN#4C.id
sonne,die Sonne,sW.#Lz}cD8,Sonne,H=W=x:0._s
speisekarte,die Speisekarte,k/xV8<N/J),Speisekarte,oS_|wjnIyK
spielen,spielen,K)Z6m;LC)I,spielen,BJcG|MB:Vy
sport,der Sport,r^_r$Qv2yG,Sport,L_6582;=>D
sprache,"die Sprache, -n",DqY1U(UaNk,Sprache,G@Qc4KMW{~
sprechen,sprechen,AWyo6`L_te,sprechen,wcN`$_{B/G
spät,spät,CN7YH{TKWU,spät,"P<,xOBPAOn"
später,später,y(D)sp.yN1,später,zg~3xCNX6i
stadt,"die Stadt, -ä, e",Mbt!<yddx},Stadt,v5%7jLTT6w
stehen,stehen,xQ>ORPL>c8,stehen,NNGSOscXxg
stelle,"die Stelle, -n",fe=X%x>cL=,Stelle,pbIp#qfIW8
stellen,stellen,pzqOP(uK0p,stellen,ze5kNYxK3=
stock,der Stock,"tpHb!^!VN,",Stock,Aa{j!X`/Yo
straße,"die Straße, -n",m!lg[OSX2L,Straße,Kd1mBaYGlv
straßenbahn,die Straßenbahn,hR~stHXhz0,Straßenbahn,Nw)j;-_pb9
student,"der Student, -en",lw@:yV]@n%,Student,c)8E>pyrO:
studieren,studieren,hSP-q]f9{=,studieren,iMdG#oSXTz
studium,das Studium,da-HwaW9!#,Studium,cA.uWZ2C;J
suchen,suchen,oH)Rw)%;u3,suchen,eNVbXQ;mqm
tanzen,tanzen,QveZ0t(@HK,tanzen,rHo5AivL?d
tasche,"die Tasche, -n","y,nQ}|kvs=",Tasche,"QbQ/K7Zb,J"
taxi,"das Taxi, -s",Fy`BTtTn.M,Taxi,N}bM60Vld^
tee,der Tee,y`x?~u=VSg,Tee,z.6YX)h>7W
telefon,das Telefon,sAR8VHd7*U,Telefon,bjlSt73?)/
telefonieren,telefonieren,lMXId^o|oP,telefonieren,m/{PUwuRcm
termin,"der Termin, -e",MX69}Ox?!(,Termin,IqzhWyMM?x
teuer,teuer,jwD!0GDS$@,teuer,pR|YQ4)PZy
text,"der Text, -e",wd|ecj1.qe,Text,C%PQ96uhRs
thema,das Thema,xX-(@/lyur,Thema,wAV5KRv&Jh
ticket,"das Ticket, -s",N9R?Li18FJ,Ticket,JXt=.~&!J0
tisch,"der Tisch, -e",elqUP46lZ+,Tisch,b:C:^9F%f^
toilette,"die Toilette, -en",w|))ZlJ~[T,Toilette,M/.hd9N:lU
tomate,"die Tomate, -n",ec@l>B_$sE,Tomate,"mG5nA,[zgZ"
tot,tot,wO#-Z<YxfU,tot,QR_GOU79&m
treppe,"die Treppe, -n",N4@_g~C`Il,Treppe,J=KyX$}l7<
trinken,trinken,tD3V_irR-6,trinken,EEgr=k.$Cd
tun,tun,vLZJvJBnit,tun,G/os*AB(M$
uhr,die Uhr,Q;#z$qUuK},Uhr,KniuxXE)c0
um,um,h<7xj2pNR!,um,yi9RptraU}
umziehen,umziehen,iA1MzD?k~8,umziehen,g^c|hz/lCq
und,und,u{Y^<D@A#M,und,O8d2WjCfzZ
unten,unten,NrQ25i.K5#,unten,lFMKg9;ZCt
unter,unter,jo0`}76Hxy,unter,M6|F;<|_[n
unterricht,der Unterricht,q7p&>K-`sY,Unterricht,HJ)-Ba<EpL
unterschreiben,unterschreiben,GOjZRf4LF!,unterschreiben,PkMJVMnp85
unterschrift,die Unterschrift,xJxpr:paTK,Unterschrift,i@l(Xl+Shq
urlaub,der Urlaub,I_LU.i<jtq,Urlaub,FC}Myeuap?
verdienen,verdienen,m(#Sp<7(GZ,verdienen,Jo7g)x%gMv
verein,der Verein,nZ*zuih%Z-,Verein,EHO{O1iIf`
verkaufen,verkaufen,A+bAjgF$#9,verkaufen,xbWCkWC3ri
vermieten,vermieten,QaU1_2HL7#,vermieten,v3gmSnE>#5
vermieter,der Vermieter,jORgdwKnd=,Vermieter,qK8Y&wp$5&
verstehen,verstehen,N!]n~&.NuC,verstehen,e~tD@PZh1g
viel,viel,ifc]{4860%,viel,"r`,gB{ZJat"
vielleicht,vielleicht,mx$_~FAU?%,vielleicht,e#*ZL]dnPs
von,von,xa^Lb&A$AQ,von,Mq}5}TED:9
vor,vor,e8Q?Ypem6Q,vor,e9-KA$nYIE
vorname,"der Vorname, -n",DF2-c<+kqW,Vorname,e!_ZK[2-_l
wandern,wandern,Dgs`@d<Uqv,wandern,biSt%&w!oX
wann,wann,KF8~m1Nrbw,wann,K-X(FaGi%o
warten,warten,zY3P6w<r`E,warten,gSTP$%qq};
warum,warum,l;?&Vi*GU,warum,qbWHawaD[I
was,was,E?;!:I<*GH,was,Kw7rLDbRX7
wasser,das Wasser,GG$]Pjis<5,Wasser,zURgN<.RhQ
weg sein,weg sein,EP}V+w3c]),weg sein,"o.]Pm;k,Wq"
weiblich,weiblich,hj(fX^}O~(,weiblich,M=X}Q[RTM^
wein,der Wein,nZ5&={2nu,Wein,LRqwe/hZza
weit,weit,A[?NC{@&{=,weit,o1n}A5x.09
weiter,weiter,kcN*6v<8oE,weiter,IU@YptbzK*
welt,die Welt,xYBp!dq5vs,Welt,iE}21fl|2^
wenig,wenig,u_Qf?/t(lt,wenig,pgAKH.SD9Y
wer,wer,wMaLk)ruUj,wer,ezeYv))VG|
werden,werden,d+=Z>>SEP*,werden,p`Zcjg7p%E
wetter,das Wetter,Lgc/`K|x[<,Wetter,btggSJdE&5
wichtig,wichtig,Cs4<C@9M=q,wichtig,l)VfdoDp[z
wie,wie,x@jaBN1$>z,wie,wgGzK=aXmn
wie viel,wie viel,"K,%8iRk>to",wie viel,JBg1h{^}kS
wiederholen,wiederholen,kjtm4ebf>F,wiederholen,iG3?Gz;xYc
wiederhören,das Wiederhören,B5b|]~ue~D,Wiederhören,q(Zoh4!.K9
wiedersehen,das Wiedersehen,"BHv~u,r&CY",Wiedersehen,j4x;m1sfyJ
willkommen,willkommen,gZa<UCcN}>,willkommen,N;j$UdyR0=
wind,der Wind,NW@0E3^D3J,Wind,AzR7WYrP|F
wissen,wissen,tN6Y7Lqy>[,wissen,"xD@,rIa56l"
wo,wo,DN9gmW)u1(,wo,O^u@z7T8zv
woher,woher,E`tOQ!pXJo,woher,"Q,oZQhU7Wg"
wohin,wohin,"p,s9oFa:Qa",wohin,rjJB{ie7x4
wohnen,wohnen,"PL,;0eC)d^",wohnen,k<UY6#2J(D
wohnung,"die Wohnung, -en",t|=pN@U7<T,Wohnung,Q0k2J<-Y*i
wollen,wollen,rtwq:ZPI_p,wollen,e@udQ)}]Y8
wort,"das Wort, -ö, er/-e",g3:C^Mkiqb,Wort,r0Wqh-uda0
wunderbar,wunderbar,mFA}ng!*dz,wunderbar,l2>]!p#R^m
zahlen,zahlen,pclnarWz7j,zahlen,M}tixXehRA
zeit,die Zeit,q3Z}O`h7m`,Zeit,g[-!grh:Oe
zeitung,"die Zeitung, -en",KQGv)[_wI!,Zeitung,bICe}42DS!
zimmer,"das Zimmer, –","Io<yroV67,",Zimmer,wD8JTlllAh
zu,zu,r0?v|Y/A%4,zu,J]h8PE3qUW
zu sein,zu sein,S7^eSo><1,zu sein,hS#%|[MrPR
zufrieden,zufrieden,i^5+PZA(`Y,zufrieden,K]klv.Ut4x
zug,"der Zug, -ü, e","gmnd1qcP[,",Zug,QSmrzD~?K]
zurück,zurück,Mi*f@L~ury,zurück,BnEYC#!|ry
zusammen,zusammen,Cd@]lDSko`,zusammen,CI=tSX@t%C
zwischen,zwischen,"f0hXxawx2,",zwischen,Htg<8ZEn#[
öffnen,öffnen,J-hc7w[{Lw,öffnen,v:`ZqZm5hs
öl,das Öl,z/Gk`z{PbH,Öl,n?s5ntu;r)
über,über,k6aiILNS2C,über,oUN|>dVY*W
übernachten,übernachten,zh2X>()!:Q,übernachten,M*Ehj?0&vL
überweisen,überweisen,l:Y~#ex*#I,überweisen,Je*1{tP6Ix
